{"cameraMode":{"drawMode":0,"name":"Shaded","section":"Shading Mode"},"sceneLighting":true,"audioPlay":false,"sceneViewState":{"m_AlwaysRefresh":false,"showFog":true,"showSkybox":true,"showFlares":true,"showImageEffects":true,"showParticleSystems":true,"showVisualEffectGraphs":true,"m_FxEnabled":true},"in2DMode":false,"pivot":{"x":6.544674396514893,"y":-76.12892150878906,"z":214.97186279296876},"rotation":{"x":-0.17483164370059968,"y":-0.028945360332727433,"z":0.005149391945451498,"w":-0.984173059463501},"size":118.87114715576172,"orthographic":false}